{
    "Name":"Vertical GHE 1x2 Std",
    "Num BH":2,
    "Flow Rate":0.000303,
    "Grnd Cond":2.493,
    "Grnd Cp":2.4957E06,
    "Grnd Temp":13.0,
    "Fluid":"Water",
    "GHXs":
        [
            {
                "Name":"BH 1",
                "Location":[0,0],
                "BH Length":76.2,
                "BH Radius":0.05715,
                "Grout Cond":0.744,
                "Pipe Cond":0.389,
                "Pipe Dia":0.0267,
                "Shank Space":0.0254,
                "Pipe Thickness":0.00243
            },
            {
                "Name":"BH 2",
                "Location":[0,0],
                "BH Length":76.2,
                "BH Radius":0.05715,
                "Grout Cond":0.744,
                "Pipe Cond":0.389,
                "Pipe Dia":0.0267,
                "Shank Space":0.0254,
                "Pipe Thickness":0.00243
            }
        ],
    "G-func Pairs": [
        [-14.583933,-3.258945],
        [-14.459771,-3.201266],
        [-14.335609,-3.137149],
        [-14.211447,-3.066044],
        [-14.087285,-2.987396],
        [-13.963123,-2.900662],
        [-13.838961,-2.805328],
        [-13.714800,-2.700928],
        [-13.590638,-2.587074],
        [-13.466476,-2.463485],
        [-13.342314,-2.330018],
        [-13.218152,-2.186711],
        [-13.093990,-2.033816],
        [-12.969828,-1.871834],
        [-12.845666,-1.701555],
        [-12.721504,-1.524070],
        [-12.597342,-1.340786],
        [-12.473181,-1.153409],
        [-12.349019,-0.963910],
        [-12.224857,-0.774455],
        [-12.100695,-0.587314],
        [-11.976533,-0.404737],
        [-11.852371,-0.228815],
        [-11.728209,-0.061337],
        [-11.604047,0.096338],
        [-11.479885,0.243375],
        [-11.355724,0.379509],
        [-11.231562,0.505025],
        [-11.107400,0.620671],
        [-10.983238,0.727536],
        [-10.859076,0.826882],
        [-10.734914,0.920004],
        [-10.610752,1.008099],
        [-10.486590,1.092190],
        [-10.362428,1.173104],
        [-10.238267,1.251474],
        [-10.114105,1.327774],
        [-9.989943,1.402357],
        [-9.865781,1.475491],
        [-9.741619,1.547380],
        [-9.617457,1.618189],
        [-9.493295,1.688052],
        [-9.369133,1.757083],
        [-9.244971,1.825377],
        [-9.120809,1.893016],
        [-8.996648,1.960074],
        [-8.872486,2.026612],
        [-8.748324,2.092687],
        [-8.624162,2.158347],
        [-8.500000,2.273322],
        [-7.800000,2.617322],
        [-7.200000,2.913059],
        [-6.500000,3.261270],
        [-5.900000,3.575221],
        [-5.200000,3.982441],
        [-4.500000,4.449827],
        [-3.963000,4.811057],
        [-3.270000,5.382808],
        [-2.864000,5.717286],
        [-2.577000,5.953762],
        [-2.171000,6.281028],
        [-1.884000,6.507398],
        [-1.191000,7.002874],
        [-0.497000,7.446504],
        [-0.274000,7.569030],
        [-0.051000,7.680608],
        [0.196000,7.788398],
        [0.419000,7.873398],
        [0.642000,7.945924],
        [0.873000,8.009924],
        [1.112000,8.064187],
        [1.335000,8.105450],
        [1.679000,8.153187],
        [2.028000,8.185450],
        [2.275000,8.200450],
        [3.003000,8.226450]
    ]
}
